日期,专注秒,在线秒
2026-05-29,5795,9534
2026-05-30,10393,26314
2026-05-31,6435,45595
2026-06-01,1321,28270
2026-06-02,15051,32656
2026-06-03,591,1071
2026-06-04,700,1334
2026-07-21,0,890
2026-07-22,0,4192
2026-07-26,0,6235
2026-07-27,0,2361
2026-07-28,0,4141
2026-07-29,0,7922
2026-07-31,0,2423
2026-08-01,0,20
2026-08-02,100,1280
2026-08-05,0,5665
2026-08-07,0,5731
2026-08-08,0,2461
2026-08-10,6961,18058
2026-08-11,0,150
2026-08-13,880,4734
2026-08-14,0,1090
2026-08-15,170,9494
2026-08-16,0,12493
2026-08-17,0,2161
2026-08-19,500,9571
2026-08-20,0,591
2026-08-21,180,600
2026-08-23,5111,14674
2026-08-24,6644,16621
2026-08-25,8204,18698
2026-08-26,60,1682
2026-08-27,5717,18394
2026-08-28,2300,18566
2026-08-29,2141,12073
2026-08-30,0,1444
2026-09-19,8252,11748
2026-09-20,21757,29913
2026-09-21,9385,14645
2026-09-25,3230,12013
2026-09-26,10064,31509
2026-09-27,16276,30171
2026-09-28,19998,31195
2026-09-29,29559,35262
2026-09-30,23573,27573
2026-10-01,25690,32842
2026-10-02,25257,28629
2026-10-03,49797,51807
2026-10-04,30032,31352
2026-10-05,36963,39565
2026-10-06,39129,42999
2026-10-07,33623,38634
2026-10-08,35122,46045
2026-10-09,3455,4855

分类,秒
工具,464014
游戏,210388
视频,62810
系统,46248
浏览器,36192
通讯,25110
办公,24089
学习,12313
未分类,7329
音乐,1453

应用,秒
CodeBuddy CN.exe,349097
WorkBuddy.exe,107483
firefox.exe,70643
mjs.exe,45810
Minecraft.Windows.exe,39557
explorer.exe,36299
哔哩哔哩.exe,36219
java.exe,33589
Typora.exe,20284
Shape of Dreams.exe,19434
Weixin.exe,18234
Nomad Drive Demo.exe,13521
